company,title,job_url,source
Smowcode,Embedded Systems Intern,https://www.linkedin.com/jobs/view/4472123836,LinkedIn
Electronic Arts (EA),Software Engineer Intern,https://www.linkedin.com/jobs/view/4463017406,LinkedIn
Qualcomm,Interim Engineering Intern_2027_SW,https://www.linkedin.com/jobs/view/4440754354,LinkedIn
Qualcomm,Interim Engineering Intern_2027_HW,https://www.linkedin.com/jobs/view/4440743863,LinkedIn
Nerve Cells AI pvt. ltd.,Embedded Systems Engineer - Intern,https://www.linkedin.com/jobs/view/4462818449,LinkedIn
Black Coffee Robotics,Robotics Intern,https://www.linkedin.com/jobs/view/4437065447,LinkedIn
GROWLOC,Embedded Firmware Intern,https://www.linkedin.com/jobs/view/4451138077,LinkedIn
Blackfig Technologies,SDE- Intern- Embedded Linux & Yocto,https://www.linkedin.com/jobs/view/4450024153,LinkedIn
ERIC Robotics,ROS Intern,https://www.linkedin.com/jobs/view/4449434268,LinkedIn
Genrobotics,Robotic Software Engineer Intern,https://www.linkedin.com/jobs/view/4415188634,LinkedIn
Infineon Technologies,Young Graduate Trainee,https://www.linkedin.com/jobs/view/4459192160,LinkedIn
GE HealthCare,Trainee Engineer,https://www.linkedin.com/jobs/view/4474392982,LinkedIn
Texas Instruments India,Software Engineer,https://www.linkedin.com/jobs/view/4382496798,LinkedIn
Honeywell Technologies,Software Engr I,https://www.linkedin.com/jobs/view/4461790871,LinkedIn
Qualcomm,2027 Campus Hire_Associate Engineer_SW,https://www.linkedin.com/jobs/view/4440758187,LinkedIn
Qualcomm,2027 Campus Hire_Engineer_SW,https://www.linkedin.com/jobs/view/4440753351,LinkedIn
Prahari Technologies,"Junior Embedded Systems Associate in Vadodara, Vadodara, Gujarat",https://www.linkedin.com/jobs/view/4467415494,LinkedIn
Prahari Technologies,"Junior Embedded Systems Associate in Vadodara, Vadodara, Gujarat",https://www.linkedin.com/jobs/view/4467418475,LinkedIn
Celstream Technologies,Embedded Developer,https://www.linkedin.com/jobs/view/4464979861,LinkedIn
Proflo-U,Embedded Developer,https://www.linkedin.com/jobs/view/4444662197,LinkedIn
Electro Global,Associate Embedded Systems Engineer,https://www.linkedin.com/jobs/view/4472726229,LinkedIn
Qualcomm,2027 Campus Hire_Associate Engineer_SW,https://www.linkedin.com/jobs/view/4440743864,LinkedIn
Genrobotics,Junior Embedded engineer ( 1 - 2 Years),https://www.linkedin.com/jobs/view/4447698966,LinkedIn
Akademika Lab Solutions,Embedded Systems Development Engineer,https://www.linkedin.com/jobs/view/4443354275,LinkedIn
